date,price,day_of_week,month,is_weekend,season,demand_score
2022-01-01,161.75,Saturday,1,1,Winter,95.0
2022-01-02,160.15,Sunday,1,1,Winter,86.2
2022-01-03,118.04,Monday,1,0,Winter,82.3
2022-01-04,161.76,Tuesday,1,0,Winter,108.3
2022-01-05,107.34,Wednesday,1,0,Winter,80.8
2022-01-06,117.02,Thursday,1,0,Winter,87.3
2022-01-07,102.91,Friday,1,0,Winter,92.2
2022-01-08,176.31,Saturday,1,1,Winter,91.6
2022-01-09,185.86,Sunday,1,1,Winter,104.5
2022-01-10,125.09,Monday,1,0,Winter,94.7
2022-01-11,131.25,Tuesday,1,0,Winter,98.2
2022-01-12,146.77,Wednesday,1,0,Winter,100.6
2022-01-13,146.4,Thursday,1,0,Winter,103.7
2022-01-14,116.39,Friday,1,0,Winter,86.8
2022-01-15,144.33,Saturday,1,1,Winter,82.6
2022-01-16,162.18,Sunday,1,1,Winter,83.9
2022-01-17,140.1,Monday,1,0,Winter,107.4
2022-01-18,138.11,Tuesday,1,0,Winter,99.8
2022-01-19,111.63,Wednesday,1,0,Winter,81.4
2022-01-20,152.99,Thursday,1,0,Winter,106.5
2022-01-21,157.24,Friday,1,0,Winter,92.5
2022-01-22,170.99,Saturday,1,1,Winter,87.4
2022-01-23,218.37,Sunday,1,1,Winter,118.8
2022-01-24,172.44,Monday,1,0,Winter,116.9
2022-01-25,106.86,Tuesday,1,0,Winter,83.5
2022-01-26,111.36,Wednesday,1,0,Winter,90.9
2022-01-27,144.94,Thursday,1,0,Winter,113.1
2022-01-28,133.59,Friday,1,0,Winter,101.7
2022-01-29,161.68,Saturday,1,1,Winter,85.6
2022-01-30,207.55,Sunday,1,1,Winter,109.2
2022-01-31,153.12,Monday,1,0,Winter,110.9
2022-02-01,112.25,Tuesday,2,0,Winter,84.6
2022-02-02,145.25,Wednesday,2,0,Winter,114.5
2022-02-03,126.56,Thursday,2,0,Winter,82.5
2022-02-04,141.21,Friday,2,0,Winter,92.4
2022-02-05,183.03,Saturday,2,1,Winter,105.5
2022-02-06,199.81,Sunday,2,1,Winter,115.5
2022-02-07,151.18,Monday,2,0,Winter,108.5
2022-02-08,169.56,Tuesday,2,0,Winter,110.4
2022-02-09,143.03,Wednesday,2,0,Winter,99.8
2022-02-10,137.29,Thursday,2,0,Winter,100.9
2022-02-11,117.43,Friday,2,0,Winter,84.3
2022-02-12,133.7,Saturday,2,1,Winter,81.3
2022-02-13,193.05,Sunday,2,1,Winter,100.3
2022-02-14,157.48,Monday,2,0,Winter,116.3
2022-02-15,139.36,Tuesday,2,0,Winter,110.2
2022-02-16,122.69,Wednesday,2,0,Winter,89.2
2022-02-17,116.76,Thursday,2,0,Winter,86.4
2022-02-18,169.08,Friday,2,0,Winter,117.2
2022-02-19,220.62,Saturday,2,1,Winter,114.9
2022-02-20,217.83,Sunday,2,1,Winter,112.1
2022-02-21,163.94,Monday,2,0,Winter,115.8
2022-02-22,127.24,Tuesday,2,0,Winter,92.7
2022-02-23,132.24,Wednesday,2,0,Winter,97.1
2022-02-24,131.26,Thursday,2,0,Winter,112.7
2022-02-25,127.89,Friday,2,0,Winter,88.9
2022-02-26,158.86,Saturday,2,1,Winter,84.8
2022-02-27,167.47,Sunday,2,1,Winter,92.9
2022-02-28,131.62,Monday,2,0,Winter,100.8
2022-03-01,156.69,Tuesday,3,0,Spring,118.9
2022-03-02,142.01,Wednesday,3,0,Spring,118.5
2022-03-03,93.71,Thursday,3,0,Spring,92.0
2022-03-04,110.7,Friday,3,0,Spring,91.4
2022-03-05,151.84,Saturday,3,1,Spring,100.1
2022-03-06,132.79,Sunday,3,1,Spring,82.1
2022-03-07,104.91,Monday,3,0,Spring,89.6
2022-03-08,106.35,Tuesday,3,0,Spring,85.8
2022-03-09,107.54,Wednesday,3,0,Spring,89.7
2022-03-10,120.51,Thursday,3,0,Spring,106.9
2022-03-11,138.69,Friday,3,0,Spring,109.1
2022-03-12,161.8,Saturday,3,1,Spring,94.7
2022-03-13,172.16,Sunday,3,1,Spring,101.4
2022-03-14,95.4,Monday,3,0,Spring,83.6
2022-03-15,114.18,Tuesday,3,0,Spring,87.5
2022-03-16,115.02,Wednesday,3,0,Spring,81.6
2022-03-17,105.53,Thursday,3,0,Spring,80.7
2022-03-18,127.07,Friday,3,0,Spring,100.5
2022-03-19,123.45,Saturday,3,1,Spring,87.0
2022-03-20,174.12,Sunday,3,1,Spring,107.6
2022-03-21,100.99,Monday,3,0,Spring,85.5
2022-03-22,108.8,Tuesday,3,0,Spring,93.6
2022-03-23,133.24,Wednesday,3,0,Spring,106.4
2022-03-24,148.87,Thursday,3,0,Spring,112.7
2022-03-25,133.0,Friday,3,0,Spring,89.7
2022-03-26,116.21,Saturday,3,1,Spring,83.7
2022-03-27,158.5,Sunday,3,1,Spring,94.0
2022-03-28,137.02,Monday,3,0,Spring,109.0
2022-03-29,112.21,Tuesday,3,0,Spring,83.4
2022-03-30,106.02,Wednesday,3,0,Spring,86.5
2022-03-31,104.92,Thursday,3,0,Spring,80.4
2022-04-01,102.62,Friday,4,0,Spring,84.1
2022-04-02,155.81,Saturday,4,1,Spring,107.7
2022-04-03,172.83,Sunday,4,1,Spring,106.1
2022-04-04,97.84,Monday,4,0,Spring,89.5
2022-04-05,119.32,Tuesday,4,0,Spring,93.0
2022-04-06,149.45,Wednesday,4,0,Spring,114.0
2022-04-07,118.89,Thursday,4,0,Spring,106.3
2022-04-08,115.11,Friday,4,0,Spring,94.7
2022-04-09,150.14,Saturday,4,1,Spring,90.6
2022-04-10,161.79,Sunday,4,1,Spring,105.2
2022-04-11,161.5,Monday,4,0,Spring,111.8
2022-04-12,120.58,Tuesday,4,0,Spring,99.7
2022-04-13,95.74,Wednesday,4,0,Spring,87.8
2022-04-14,106.94,Thursday,4,0,Spring,81.0
2022-04-15,125.74,Friday,4,0,Spring,105.8
2022-04-16,192.52,Saturday,4,1,Spring,118.7
2022-04-17,180.41,Sunday,4,1,Spring,118.5
2022-04-18,122.26,Monday,4,0,Spring,95.4
2022-04-19,127.59,Tuesday,4,0,Spring,114.0
2022-04-20,117.6,Wednesday,4,0,Spring,102.3
2022-04-21,147.24,Thursday,4,0,Spring,117.4
2022-04-22,118.29,Friday,4,0,Spring,83.9
2022-04-23,173.75,Saturday,4,1,Spring,104.6
2022-04-24,171.54,Sunday,4,1,Spring,109.6
2022-04-25,119.87,Monday,4,0,Spring,107.9
2022-04-26,123.91,Tuesday,4,0,Spring,91.7
2022-04-27,137.89,Wednesday,4,0,Spring,112.4
2022-04-28,142.41,Thursday,4,0,Spring,116.5
2022-04-29,134.92,Friday,4,0,Spring,100.5
2022-04-30,165.43,Saturday,4,1,Spring,106.0
2022-05-01,170.93,Sunday,5,1,Spring,108.1
2022-05-02,113.99,Monday,5,0,Spring,93.5
2022-05-03,115.68,Tuesday,5,0,Spring,95.0
2022-05-04,89.17,Wednesday,5,0,Spring,81.4
2022-05-05,100.46,Thursday,5,0,Spring,98.6
2022-05-06,127.93,Friday,5,0,Spring,103.6
2022-05-07,117.77,Saturday,5,1,Spring,81.2
2022-05-08,154.04,Sunday,5,1,Spring,100.9
2022-05-09,138.46,Monday,5,0,Spring,110.8
2022-05-10,87.39,Tuesday,5,0,Spring,83.4
2022-05-11,122.37,Wednesday,5,0,Spring,82.1
2022-05-12,145.03,Thursday,5,0,Spring,105.5
2022-05-13,131.0,Friday,5,0,Spring,109.0
2022-05-14,149.37,Saturday,5,1,Spring,92.9
2022-05-15,169.97,Sunday,5,1,Spring,111.8
2022-05-16,83.07,Monday,5,0,Spring,83.1
2022-05-17,89.5,Tuesday,5,0,Spring,81.0
2022-05-18,120.93,Wednesday,5,0,Spring,86.9
2022-05-19,106.69,Thursday,5,0,Spring,86.3
2022-05-20,114.18,Friday,5,0,Spring,108.6
2022-05-21,169.77,Saturday,5,1,Spring,106.4
2022-05-22,179.48,Sunday,5,1,Spring,104.5
2022-05-23,108.83,Monday,5,0,Spring,96.8
2022-05-24,119.58,Tuesday,5,0,Spring,110.3
2022-05-25,94.32,Wednesday,5,0,Spring,80.6
2022-05-26,119.42,Thursday,5,0,Spring,83.9
2022-05-27,106.65,Friday,5,0,Spring,99.7
2022-05-28,150.82,Saturday,5,1,Spring,97.4
2022-05-29,165.1,Sunday,5,1,Spring,95.9
2022-05-30,111.41,Monday,5,0,Spring,81.8
2022-05-31,114.57,Tuesday,5,0,Spring,95.0
2022-06-01,206.3,Wednesday,6,0,Summer,114.3
2022-06-02,168.13,Thursday,6,0,Summer,106.3
2022-06-03,166.1,Friday,6,0,Summer,103.4
2022-06-04,225.65,Saturday,6,1,Summer,117.6
2022-06-05,232.73,Sunday,6,1,Summer,105.7
2022-06-06,164.2,Monday,6,0,Summer,98.3
2022-06-07,153.42,Tuesday,6,0,Summer,95.4
2022-06-08,184.65,Wednesday,6,0,Summer,118.4
2022-06-09,150.49,Thursday,6,0,Summer,92.8
2022-06-10,175.85,Friday,6,0,Summer,113.8
2022-06-11,220.81,Saturday,6,1,Summer,107.9
2022-06-12,222.35,Sunday,6,1,Summer,105.2
2022-06-13,185.24,Monday,6,0,Summer,112.1
2022-06-14,151.57,Tuesday,6,0,Summer,91.3
2022-06-15,172.54,Wednesday,6,0,Summer,112.3
2022-06-16,173.52,Thursday,6,0,Summer,119.6
2022-06-17,165.48,Friday,6,0,Summer,111.1
2022-06-18,210.28,Saturday,6,1,Summer,93.6
2022-06-19,224.78,Sunday,6,1,Summer,110.2
2022-06-20,134.72,Monday,6,0,Summer,84.1
2022-06-21,190.2,Tuesday,6,0,Summer,113.1
2022-06-22,146.09,Wednesday,6,0,Summer,92.8
2022-06-23,137.23,Thursday,6,0,Summer,80.4
2022-06-24,183.23,Friday,6,0,Summer,116.2
2022-06-25,239.31,Saturday,6,1,Summer,118.0
2022-06-26,264.61,Sunday,6,1,Summer,118.0
2022-06-27,167.35,Monday,6,0,Summer,97.9
2022-06-28,158.81,Tuesday,6,0,Summer,91.7
2022-06-29,164.19,Wednesday,6,0,Summer,110.1
2022-06-30,171.67,Thursday,6,0,Summer,111.7
2022-07-01,163.08,Friday,7,0,Summer,102.0
2022-07-02,200.04,Saturday,7,1,Summer,97.7
2022-07-03,184.18,Sunday,7,1,Summer,84.7
2022-07-04,143.29,Monday,7,0,Summer,85.7
2022-07-05,148.05,Tuesday,7,0,Summer,84.0
2022-07-06,129.05,Wednesday,7,0,Summer,83.4
2022-07-07,182.64,Thursday,7,0,Summer,112.9
2022-07-08,184.74,Friday,7,0,Summer,108.2
2022-07-09,240.44,Saturday,7,1,Summer,117.9
2022-07-10,241.79,Sunday,7,1,Summer,119.4
2022-07-11,146.95,Monday,7,0,Summer,83.3
2022-07-12,157.37,Tuesday,7,0,Summer,111.1
2022-07-13,201.71,Wednesday,7,0,Summer,116.3
2022-07-14,132.09,Thursday,7,0,Summer,84.4
2022-07-15,157.95,Friday,7,0,Summer,98.7
2022-07-16,183.8,Saturday,7,1,Summer,82.3
2022-07-17,222.64,Sunday,7,1,Summer,103.3
2022-07-18,175.12,Monday,7,0,Summer,118.5
2022-07-19,175.15,Tuesday,7,0,Summer,114.7
2022-07-20,143.01,Wednesday,7,0,Summer,88.9
2022-07-21,201.38,Thursday,7,0,Summer,119.7
2022-07-22,137.46,Friday,7,0,Summer,83.0
2022-07-23,210.47,Saturday,7,1,Summer,100.9
2022-07-24,214.45,Sunday,7,1,Summer,105.2
2022-07-25,186.76,Monday,7,0,Summer,105.1
2022-07-26,164.29,Tuesday,7,0,Summer,103.4
2022-07-27,177.45,Wednesday,7,0,Summer,104.8
2022-07-28,144.18,Thursday,7,0,Summer,91.1
2022-07-29,137.06,Friday,7,0,Summer,94.1
2022-07-30,195.83,Saturday,7,1,Summer,103.3
2022-07-31,237.73,Sunday,7,1,Summer,112.6
2022-08-01,179.24,Monday,8,0,Summer,107.4
2022-08-02,169.53,Tuesday,8,0,Summer,96.7
2022-08-03,186.96,Wednesday,8,0,Summer,117.3
2022-08-04,177.05,Thursday,8,0,Summer,112.4
2022-08-05,194.14,Friday,8,0,Summer,119.5
2022-08-06,187.12,Saturday,8,1,Summer,95.2
2022-08-07,249.85,Sunday,8,1,Summer,118.8
2022-08-08,160.78,Monday,8,0,Summer,98.7
2022-08-09,153.46,Tuesday,8,0,Summer,96.6
2022-08-10,182.79,Wednesday,8,0,Summer,114.6
2022-08-11,195.19,Thursday,8,0,Summer,112.5
2022-08-12,191.59,Friday,8,0,Summer,117.8
2022-08-13,233.96,Saturday,8,1,Summer,114.0
2022-08-14,161.15,Sunday,8,1,Summer,85.2
2022-08-15,175.37,Monday,8,0,Summer,118.2
2022-08-16,176.34,Tuesday,8,0,Summer,106.9
2022-08-17,159.28,Wednesday,8,0,Summer,104.7
2022-08-18,167.94,Thursday,8,0,Summer,106.9
2022-08-19,162.45,Friday,8,0,Summer,100.8
2022-08-20,252.81,Saturday,8,1,Summer,114.1
2022-08-21,222.58,Sunday,8,1,Summer,102.1
2022-08-22,155.48,Monday,8,0,Summer,96.1
2022-08-23,151.47,Tuesday,8,0,Summer,85.4
2022-08-24,150.41,Wednesday,8,0,Summer,88.5
2022-08-25,119.42,Thursday,8,0,Summer,85.5
2022-08-26,170.44,Friday,8,0,Summer,97.5
2022-08-27,243.63,Saturday,8,1,Summer,116.2
2022-08-28,209.89,Sunday,8,1,Summer,111.3
2022-08-29,163.19,Monday,8,0,Summer,95.9
2022-08-30,192.08,Tuesday,8,0,Summer,118.0
2022-08-31,137.27,Wednesday,8,0,Summer,85.9
2022-09-01,116.36,Thursday,9,0,Fall,90.3
2022-09-02,117.98,Friday,9,0,Fall,98.4
2022-09-03,149.35,Saturday,9,1,Fall,93.2
2022-09-04,163.1,Sunday,9,1,Fall,105.3
2022-09-05,101.43,Monday,9,0,Fall,85.2
2022-09-06,91.13,Tuesday,9,0,Fall,85.1
2022-09-07,117.47,Wednesday,9,0,Fall,93.8
2022-09-08,159.6,Thursday,9,0,Fall,115.9
2022-09-09,101.08,Friday,9,0,Fall,86.9
2022-09-10,128.64,Saturday,9,1,Fall,87.7
2022-09-11,124.74,Sunday,9,1,Fall,83.5
2022-09-12,87.45,Monday,9,0,Fall,84.8
2022-09-13,111.57,Tuesday,9,0,Fall,94.6
2022-09-14,119.14,Wednesday,9,0,Fall,100.1
2022-09-15,134.79,Thursday,9,0,Fall,112.0
2022-09-16,134.65,Friday,9,0,Fall,105.1
2022-09-17,165.29,Saturday,9,1,Fall,109.9
2022-09-18,130.84,Sunday,9,1,Fall,87.4
2022-09-19,106.98,Monday,9,0,Fall,99.4
2022-09-20,119.41,Tuesday,9,0,Fall,104.7
2022-09-21,109.96,Wednesday,9,0,Fall,109.9
2022-09-22,106.27,Thursday,9,0,Fall,81.5
2022-09-23,129.09,Friday,9,0,Fall,115.8
2022-09-24,147.01,Saturday,9,1,Fall,100.5
2022-09-25,153.51,Sunday,9,1,Fall,97.9
2022-09-26,113.46,Monday,9,0,Fall,101.3
2022-09-27,105.06,Tuesday,9,0,Fall,95.1
2022-09-28,86.35,Wednesday,9,0,Fall,80.8
2022-09-29,105.18,Thursday,9,0,Fall,93.1
2022-09-30,103.93,Friday,9,0,Fall,84.8
2022-10-01,176.28,Saturday,10,1,Fall,107.2
2022-10-02,165.3,Sunday,10,1,Fall,111.6
2022-10-03,121.75,Monday,10,0,Fall,101.5
2022-10-04,119.76,Tuesday,10,0,Fall,103.5
2022-10-05,117.94,Wednesday,10,0,Fall,85.1
2022-10-06,123.58,Thursday,10,0,Fall,91.4
2022-10-07,110.3,Friday,10,0,Fall,102.8
2022-10-08,147.3,Saturday,10,1,Fall,94.2
2022-10-09,140.88,Sunday,10,1,Fall,89.5
2022-10-10,96.3,Monday,10,0,Fall,84.1
2022-10-11,97.45,Tuesday,10,0,Fall,86.4
2022-10-12,96.67,Wednesday,10,0,Fall,87.5
2022-10-13,133.59,Thursday,10,0,Fall,115.9
2022-10-14,74.82,Friday,10,0,Fall,83.2
2022-10-15,192.95,Saturday,10,1,Fall,119.3
2022-10-16,135.69,Sunday,10,1,Fall,84.5
2022-10-17,136.7,Monday,10,0,Fall,114.6
2022-10-18,127.98,Tuesday,10,0,Fall,112.7
2022-10-19,122.77,Wednesday,10,0,Fall,106.7
2022-10-20,161.04,Thursday,10,0,Fall,117.2
2022-10-21,125.64,Friday,10,0,Fall,91.2
2022-10-22,167.17,Saturday,10,1,Fall,110.8
2022-10-23,141.33,Sunday,10,1,Fall,97.0
2022-10-24,115.78,Monday,10,0,Fall,100.3
2022-10-25,122.24,Tuesday,10,0,Fall,104.4
2022-10-26,98.46,Wednesday,10,0,Fall,91.5
2022-10-27,121.77,Thursday,10,0,Fall,99.2
2022-10-28,120.08,Friday,10,0,Fall,101.3
2022-10-29,129.11,Saturday,10,1,Fall,85.4
2022-10-30,122.73,Sunday,10,1,Fall,82.5
2022-10-31,136.31,Monday,10,0,Fall,107.3
2022-11-01,125.26,Tuesday,11,0,Fall,110.4
2022-11-02,140.11,Wednesday,11,0,Fall,96.5
2022-11-03,114.44,Thursday,11,0,Fall,94.0
2022-11-04,105.59,Friday,11,0,Fall,87.2
2022-11-05,133.83,Saturday,11,1,Fall,82.7
2022-11-06,193.13,Sunday,11,1,Fall,113.7
2022-11-07,96.76,Monday,11,0,Fall,85.6
2022-11-08,109.74,Tuesday,11,0,Fall,86.5
2022-11-09,109.32,Wednesday,11,0,Fall,86.6
2022-11-10,131.46,Thursday,11,0,Fall,100.9
2022-11-11,110.52,Friday,11,0,Fall,94.4
2022-11-12,185.23,Saturday,11,1,Fall,112.7
2022-11-13,145.44,Sunday,11,1,Fall,97.6
2022-11-14,88.16,Monday,11,0,Fall,92.1
2022-11-15,116.08,Tuesday,11,0,Fall,109.9
2022-11-16,139.34,Wednesday,11,0,Fall,116.0
2022-11-17,123.35,Thursday,11,0,Fall,95.4
2022-11-18,126.92,Friday,11,0,Fall,105.0
2022-11-19,133.75,Saturday,11,1,Fall,84.7
2022-11-20,151.39,Sunday,11,1,Fall,93.4
2022-11-21,107.78,Monday,11,0,Fall,85.6
2022-11-22,134.08,Tuesday,11,0,Fall,101.3
2022-11-23,134.03,Wednesday,11,0,Fall,115.8
2022-11-24,115.0,Thursday,11,0,Fall,92.5
2022-11-25,123.03,Friday,11,0,Fall,89.9
2022-11-26,183.53,Saturday,11,1,Fall,115.1
2022-11-27,159.02,Sunday,11,1,Fall,93.7
2022-11-28,98.75,Monday,11,0,Fall,86.0
2022-11-29,116.64,Tuesday,11,0,Fall,89.2
2022-11-30,136.51,Wednesday,11,0,Fall,105.6
2022-12-01,134.54,Thursday,12,0,Winter,107.8
2022-12-02,134.17,Friday,12,0,Winter,93.8
2022-12-03,160.53,Saturday,12,1,Winter,87.3
2022-12-04,183.14,Sunday,12,1,Winter,96.0
2022-12-05,139.68,Monday,12,0,Winter,98.5
2022-12-06,172.68,Tuesday,12,0,Winter,104.5
2022-12-07,130.84,Wednesday,12,0,Winter,80.7
2022-12-08,169.56,Thursday,12,0,Winter,116.9
2022-12-09,154.11,Friday,12,0,Winter,108.3
2022-12-10,178.37,Saturday,12,1,Winter,104.3
2022-12-11,178.32,Sunday,12,1,Winter,97.0
2022-12-12,164.83,Monday,12,0,Winter,117.0
2022-12-13,162.63,Tuesday,12,0,Winter,98.0
2022-12-14,139.58,Wednesday,12,0,Winter,96.0
2022-12-15,125.78,Thursday,12,0,Winter,82.2
2022-12-16,106.43,Friday,12,0,Winter,80.2
2022-12-17,178.4,Saturday,12,1,Winter,93.3
2022-12-18,189.36,Sunday,12,1,Winter,116.8
2022-12-19,144.1,Monday,12,0,Winter,93.9
2022-12-20,129.14,Tuesday,12,0,Winter,98.1
2022-12-21,113.32,Wednesday,12,0,Winter,89.0
2022-12-22,120.39,Thursday,12,0,Winter,87.1
2022-12-23,147.95,Friday,12,0,Winter,99.9
2022-12-24,170.41,Saturday,12,1,Winter,94.5
2022-12-25,271.63,Sunday,12,1,Winter,103.2
2022-12-26,170.99,Monday,12,0,Winter,118.4
2022-12-27,112.33,Tuesday,12,0,Winter,85.9
2022-12-28,166.18,Wednesday,12,0,Winter,119.9
2022-12-29,133.35,Thursday,12,0,Winter,100.1
2022-12-30,155.49,Friday,12,0,Winter,110.0
2022-12-31,159.73,Saturday,12,1,Winter,88.4
2023-01-01,161.03,Sunday,1,1,Winter,87.6
2023-01-02,139.75,Monday,1,0,Winter,81.5
2023-01-03,104.61,Tuesday,1,0,Winter,82.6
2023-01-04,169.32,Wednesday,1,0,Winter,111.0
2023-01-05,110.09,Thursday,1,0,Winter,97.6
2023-01-06,122.67,Friday,1,0,Winter,96.0
2023-01-07,160.88,Saturday,1,1,Winter,87.3
2023-01-08,206.84,Sunday,1,1,Winter,114.5
2023-01-09,132.44,Monday,1,0,Winter,90.8
2023-01-10,144.45,Tuesday,1,0,Winter,105.8
2023-01-11,120.05,Wednesday,1,0,Winter,86.2
2023-01-12,151.2,Thursday,1,0,Winter,108.6
2023-01-13,124.73,Friday,1,0,Winter,88.9
2023-01-14,163.41,Saturday,1,1,Winter,89.2
2023-01-15,157.29,Sunday,1,1,Winter,87.1
2023-01-16,145.05,Monday,1,0,Winter,106.1
2023-01-17,123.33,Tuesday,1,0,Winter,89.7
2023-01-18,154.79,Wednesday,1,0,Winter,108.9
2023-01-19,136.77,Thursday,1,0,Winter,95.9
2023-01-20,142.84,Friday,1,0,Winter,106.7
2023-01-21,201.48,Saturday,1,1,Winter,115.9
2023-01-22,129.85,Sunday,1,1,Winter,80.5
2023-01-23,179.64,Monday,1,0,Winter,115.7
2023-01-24,145.36,Tuesday,1,0,Winter,112.7
2023-01-25,125.1,Wednesday,1,0,Winter,95.2
2023-01-26,152.62,Thursday,1,0,Winter,103.6
2023-01-27,120.8,Friday,1,0,Winter,96.4
2023-01-28,168.25,Saturday,1,1,Winter,102.1
2023-01-29,209.2,Sunday,1,1,Winter,117.9
2023-01-30,164.48,Monday,1,0,Winter,110.5
2023-01-31,156.48,Tuesday,1,0,Winter,112.0
2023-02-01,157.36,Wednesday,2,0,Winter,97.0
2023-02-02,133.16,Thursday,2,0,Winter,90.3
2023-02-03,106.92,Friday,2,0,Winter,85.6
2023-02-04,166.43,Saturday,2,1,Winter,90.9
2023-02-05,130.64,Sunday,2,1,Winter,80.7
2023-02-06,148.55,Monday,2,0,Winter,102.2
2023-02-07,143.79,Tuesday,2,0,Winter,106.1
2023-02-08,117.89,Wednesday,2,0,Winter,80.4
2023-02-09,135.87,Thursday,2,0,Winter,85.5
2023-02-10,164.95,Friday,2,0,Winter,106.6
2023-02-11,156.79,Saturday,2,1,Winter,87.0
2023-02-12,181.56,Sunday,2,1,Winter,95.3
2023-02-13,137.58,Monday,2,0,Winter,100.8
2023-02-14,147.76,Tuesday,2,0,Winter,104.1
2023-02-15,110.5,Wednesday,2,0,Winter,89.8
2023-02-16,123.93,Thursday,2,0,Winter,94.2
2023-02-17,158.01,Friday,2,0,Winter,108.8
2023-02-18,162.72,Saturday,2,1,Winter,99.0
2023-02-19,194.87,Sunday,2,1,Winter,106.5
2023-02-20,125.83,Monday,2,0,Winter,88.6
2023-02-21,119.82,Tuesday,2,0,Winter,81.2
2023-02-22,99.69,Wednesday,2,0,Winter,82.1
2023-02-23,122.9,Thursday,2,0,Winter,99.9
2023-02-24,165.04,Friday,2,0,Winter,110.8
2023-02-25,155.16,Saturday,2,1,Winter,84.3
2023-02-26,178.32,Sunday,2,1,Winter,99.8
2023-02-27,134.97,Monday,2,0,Winter,107.5
2023-02-28,153.87,Tuesday,2,0,Winter,112.8
2023-03-01,123.49,Wednesday,3,0,Spring,112.0
2023-03-02,133.63,Thursday,3,0,Spring,103.6
2023-03-03,100.13,Friday,3,0,Spring,94.4
2023-03-04,156.35,Saturday,3,1,Spring,101.7
2023-03-05,187.44,Sunday,3,1,Spring,114.9
2023-03-06,133.81,Monday,3,0,Spring,106.4
2023-03-07,124.69,Tuesday,3,0,Spring,107.7
2023-03-08,125.82,Wednesday,3,0,Spring,99.6
2023-03-09,114.8,Thursday,3,0,Spring,88.8
2023-03-10,98.97,Friday,3,0,Spring,81.4
2023-03-11,172.79,Saturday,3,1,Spring,107.9
2023-03-12,183.26,Sunday,3,1,Spring,118.8
2023-03-13,152.62,Monday,3,0,Spring,117.8
2023-03-14,135.73,Tuesday,3,0,Spring,113.8
2023-03-15,97.27,Wednesday,3,0,Spring,92.8
2023-03-16,106.8,Thursday,3,0,Spring,84.8
2023-03-17,89.27,Friday,3,0,Spring,83.1
2023-03-18,182.8,Saturday,3,1,Spring,109.0
2023-03-19,133.0,Sunday,3,1,Spring,82.6
2023-03-20,114.66,Monday,3,0,Spring,111.6
2023-03-21,119.98,Tuesday,3,0,Spring,92.8
2023-03-22,128.39,Wednesday,3,0,Spring,104.6
2023-03-23,114.32,Thursday,3,0,Spring,89.3
2023-03-24,134.81,Friday,3,0,Spring,112.0
2023-03-25,199.3,Saturday,3,1,Spring,119.9
2023-03-26,143.05,Sunday,3,1,Spring,96.1
2023-03-27,128.23,Monday,3,0,Spring,99.2
2023-03-28,146.37,Tuesday,3,0,Spring,119.4
2023-03-29,116.06,Wednesday,3,0,Spring,110.7
2023-03-30,113.82,Thursday,3,0,Spring,109.5
2023-03-31,104.46,Friday,3,0,Spring,89.6
2023-04-01,134.68,Saturday,4,1,Spring,91.5
2023-04-02,123.95,Sunday,4,1,Spring,91.9
2023-04-03,116.55,Monday,4,0,Spring,107.2
2023-04-04,104.82,Tuesday,4,0,Spring,88.7
2023-04-05,129.94,Wednesday,4,0,Spring,115.2
2023-04-06,164.44,Thursday,4,0,Spring,117.8
2023-04-07,97.38,Friday,4,0,Spring,86.7
2023-04-08,198.32,Saturday,4,1,Spring,119.6
2023-04-09,173.0,Sunday,4,1,Spring,100.5
2023-04-10,101.9,Monday,4,0,Spring,89.2
2023-04-11,98.96,Tuesday,4,0,Spring,87.5
2023-04-12,128.46,Wednesday,4,0,Spring,111.2
2023-04-13,140.84,Thursday,4,0,Spring,118.8
2023-04-14,134.69,Friday,4,0,Spring,115.4
2023-04-15,160.38,Saturday,4,1,Spring,110.3
2023-04-16,171.67,Sunday,4,1,Spring,107.8
2023-04-17,103.01,Monday,4,0,Spring,89.0
2023-04-18,130.32,Tuesday,4,0,Spring,89.0
2023-04-19,133.22,Wednesday,4,0,Spring,103.2
2023-04-20,96.77,Thursday,4,0,Spring,83.7
2023-04-21,108.05,Friday,4,0,Spring,85.2
2023-04-22,185.69,Saturday,4,1,Spring,115.5
2023-04-23,170.01,Sunday,4,1,Spring,102.0
2023-04-24,82.69,Monday,4,0,Spring,83.5
2023-04-25,95.89,Tuesday,4,0,Spring,90.4
2023-04-26,122.32,Wednesday,4,0,Spring,108.9
2023-04-27,106.49,Thursday,4,0,Spring,88.8
2023-04-28,93.99,Friday,4,0,Spring,107.3
2023-04-29,153.06,Saturday,4,1,Spring,103.7
2023-04-30,189.5,Sunday,4,1,Spring,113.0
2023-05-01,111.84,Monday,5,0,Spring,102.6
2023-05-02,111.22,Tuesday,5,0,Spring,90.7
2023-05-03,130.66,Wednesday,5,0,Spring,106.3
2023-05-04,140.88,Thursday,5,0,Spring,114.0
2023-05-05,143.33,Friday,5,0,Spring,113.5
2023-05-06,178.41,Saturday,5,1,Spring,107.9
2023-05-07,187.09,Sunday,5,1,Spring,110.1
2023-05-08,99.91,Monday,5,0,Spring,86.3
2023-05-09,123.35,Tuesday,5,0,Spring,109.7
2023-05-10,107.9,Wednesday,5,0,Spring,86.4
2023-05-11,124.36,Thursday,5,0,Spring,100.3
2023-05-12,104.48,Friday,5,0,Spring,80.3
2023-05-13,171.13,Saturday,5,1,Spring,119.2
2023-05-14,171.76,Sunday,5,1,Spring,105.3
2023-05-15,108.42,Monday,5,0,Spring,101.6
2023-05-16,136.1,Tuesday,5,0,Spring,111.2
2023-05-17,117.97,Wednesday,5,0,Spring,101.7
2023-05-18,154.31,Thursday,5,0,Spring,118.5
2023-05-19,126.32,Friday,5,0,Spring,117.3
2023-05-20,132.95,Saturday,5,1,Spring,84.1
2023-05-21,133.12,Sunday,5,1,Spring,82.7
2023-05-22,106.82,Monday,5,0,Spring,92.0
2023-05-23,125.69,Tuesday,5,0,Spring,103.3
2023-05-24,107.8,Wednesday,5,0,Spring,93.8
2023-05-25,139.11,Thursday,5,0,Spring,114.9
2023-05-26,146.4,Friday,5,0,Spring,118.9
2023-05-27,121.08,Saturday,5,1,Spring,81.0
2023-05-28,124.87,Sunday,5,1,Spring,80.9
2023-05-29,112.63,Monday,5,0,Spring,110.8
2023-05-30,111.79,Tuesday,5,0,Spring,107.3
2023-05-31,139.8,Wednesday,5,0,Spring,119.9
2023-06-01,142.98,Thursday,6,0,Summer,97.0
2023-06-02,177.09,Friday,6,0,Summer,111.8
2023-06-03,235.33,Saturday,6,1,Summer,107.7
2023-06-04,202.24,Sunday,6,1,Summer,90.9
2023-06-05,186.63,Monday,6,0,Summer,118.0
2023-06-06,176.92,Tuesday,6,0,Summer,117.7
2023-06-07,142.59,Wednesday,6,0,Summer,96.8
2023-06-08,162.15,Thursday,6,0,Summer,91.0
2023-06-09,199.95,Friday,6,0,Summer,119.4
2023-06-10,183.47,Saturday,6,1,Summer,89.2
2023-06-11,184.87,Sunday,6,1,Summer,88.5
2023-06-12,149.29,Monday,6,0,Summer,94.7
2023-06-13,188.37,Tuesday,6,0,Summer,114.6
2023-06-14,139.58,Wednesday,6,0,Summer,87.4
2023-06-15,190.67,Thursday,6,0,Summer,114.7
2023-06-16,189.29,Friday,6,0,Summer,113.8
2023-06-17,220.27,Saturday,6,1,Summer,110.4
2023-06-18,172.34,Sunday,6,1,Summer,81.3
2023-06-19,199.43,Monday,6,0,Summer,116.8
2023-06-20,163.73,Tuesday,6,0,Summer,99.3
2023-06-21,139.26,Wednesday,6,0,Summer,84.7
2023-06-22,147.97,Thursday,6,0,Summer,97.2
2023-06-23,133.43,Friday,6,0,Summer,88.0
2023-06-24,214.68,Saturday,6,1,Summer,103.3
2023-06-25,182.43,Sunday,6,1,Summer,90.8
2023-06-26,167.09,Monday,6,0,Summer,98.2
2023-06-27,127.01,Tuesday,6,0,Summer,80.5
2023-06-28,151.83,Wednesday,6,0,Summer,99.2
2023-06-29,176.64,Thursday,6,0,Summer,104.0
2023-06-30,172.11,Friday,6,0,Summer,114.4
2023-07-01,231.04,Saturday,7,1,Summer,111.2
2023-07-02,169.42,Sunday,7,1,Summer,84.2
2023-07-03,167.51,Monday,7,0,Summer,89.7
2023-07-04,172.73,Tuesday,7,0,Summer,108.1
2023-07-05,155.05,Wednesday,7,0,Summer,102.4
2023-07-06,150.82,Thursday,7,0,Summer,94.0
2023-07-07,128.33,Friday,7,0,Summer,81.3
2023-07-08,170.12,Saturday,7,1,Summer,85.3
2023-07-09,223.51,Sunday,7,1,Summer,102.7
2023-07-10,147.04,Monday,7,0,Summer,88.0
2023-07-11,141.47,Tuesday,7,0,Summer,86.7
2023-07-12,165.23,Wednesday,7,0,Summer,108.3
2023-07-13,148.14,Thursday,7,0,Summer,81.3
2023-07-14,187.32,Friday,7,0,Summer,114.8
2023-07-15,220.02,Saturday,7,1,Summer,108.6
2023-07-16,245.08,Sunday,7,1,Summer,112.6
2023-07-17,134.27,Monday,7,0,Summer,83.2
2023-07-18,189.81,Tuesday,7,0,Summer,112.7
2023-07-19,160.96,Wednesday,7,0,Summer,98.1
2023-07-20,196.65,Thursday,7,0,Summer,109.3
2023-07-21,122.91,Friday,7,0,Summer,83.3
2023-07-22,226.81,Saturday,7,1,Summer,111.6
2023-07-23,250.85,Sunday,7,1,Summer,106.3
2023-07-24,173.06,Monday,7,0,Summer,108.8
2023-07-25,131.34,Tuesday,7,0,Summer,89.1
2023-07-26,177.18,Wednesday,7,0,Summer,107.2
2023-07-27,143.53,Thursday,7,0,Summer,82.9
2023-07-28,173.43,Friday,7,0,Summer,109.1
2023-07-29,209.55,Saturday,7,1,Summer,109.7
2023-07-30,188.25,Sunday,7,1,Summer,94.8
2023-07-31,175.59,Monday,7,0,Summer,119.5
2023-08-01,194.43,Tuesday,8,0,Summer,109.0
2023-08-02,142.82,Wednesday,8,0,Summer,99.5
2023-08-03,160.18,Thursday,8,0,Summer,103.7
2023-08-04,191.72,Friday,8,0,Summer,116.5
2023-08-05,206.41,Saturday,8,1,Summer,105.3
2023-08-06,231.41,Sunday,8,1,Summer,109.3
2023-08-07,179.32,Monday,8,0,Summer,116.4
2023-08-08,142.74,Tuesday,8,0,Summer,87.2
2023-08-09,156.59,Wednesday,8,0,Summer,99.7
2023-08-10,142.26,Thursday,8,0,Summer,89.9
2023-08-11,171.57,Friday,8,0,Summer,100.6
2023-08-12,184.73,Saturday,8,1,Summer,94.4
2023-08-13,202.13,Sunday,8,1,Summer,95.6
2023-08-14,198.12,Monday,8,0,Summer,118.8
2023-08-15,136.35,Tuesday,8,0,Summer,93.0
2023-08-16,161.94,Wednesday,8,0,Summer,110.9
2023-08-17,129.98,Thursday,8,0,Summer,82.9
2023-08-18,117.91,Friday,8,0,Summer,86.8
2023-08-19,237.9,Saturday,8,1,Summer,113.2
2023-08-20,208.74,Sunday,8,1,Summer,97.2
2023-08-21,159.31,Monday,8,0,Summer,108.3
2023-08-22,147.16,Tuesday,8,0,Summer,86.7
2023-08-23,170.6,Wednesday,8,0,Summer,99.0
2023-08-24,185.65,Thursday,8,0,Summer,113.8
2023-08-25,196.56,Friday,8,0,Summer,114.7
2023-08-26,180.26,Saturday,8,1,Summer,88.2
2023-08-27,165.64,Sunday,8,1,Summer,82.3
2023-08-28,160.69,Monday,8,0,Summer,101.2
2023-08-29,177.42,Tuesday,8,0,Summer,117.4
2023-08-30,142.35,Wednesday,8,0,Summer,92.6
2023-08-31,137.59,Thursday,8,0,Summer,85.9
2023-09-01,144.75,Friday,9,0,Fall,119.5
2023-09-02,183.48,Saturday,9,1,Fall,114.7
2023-09-03,132.17,Sunday,9,1,Fall,98.2
2023-09-04,157.39,Monday,9,0,Fall,106.7
2023-09-05,93.32,Tuesday,9,0,Fall,85.6
2023-09-06,134.77,Wednesday,9,0,Fall,106.9
2023-09-07,145.32,Thursday,9,0,Fall,118.8
2023-09-08,110.79,Friday,9,0,Fall,97.8
2023-09-09,184.44,Saturday,9,1,Fall,114.7
2023-09-10,167.93,Sunday,9,1,Fall,113.5
2023-09-11,141.03,Monday,9,0,Fall,117.8
2023-09-12,145.69,Tuesday,9,0,Fall,104.7
2023-09-13,133.22,Wednesday,9,0,Fall,114.8
2023-09-14,141.36,Thursday,9,0,Fall,117.2
2023-09-15,118.33,Friday,9,0,Fall,107.6
2023-09-16,172.6,Saturday,9,1,Fall,106.4
2023-09-17,141.66,Sunday,9,1,Fall,95.8
2023-09-18,130.54,Monday,9,0,Fall,106.3
2023-09-19,154.02,Tuesday,9,0,Fall,120.0
2023-09-20,131.03,Wednesday,9,0,Fall,111.3
2023-09-21,128.86,Thursday,9,0,Fall,102.7
2023-09-22,118.95,Friday,9,0,Fall,96.2
2023-09-23,155.68,Saturday,9,1,Fall,93.1
2023-09-24,178.07,Sunday,9,1,Fall,110.5
2023-09-25,147.19,Monday,9,0,Fall,111.9
2023-09-26,99.16,Tuesday,9,0,Fall,84.8
2023-09-27,109.36,Wednesday,9,0,Fall,101.8
2023-09-28,112.95,Thursday,9,0,Fall,107.8
2023-09-29,99.12,Friday,9,0,Fall,95.5
2023-09-30,145.06,Saturday,9,1,Fall,94.9
2023-10-01,140.68,Sunday,10,1,Fall,89.1
2023-10-02,121.07,Monday,10,0,Fall,106.7
2023-10-03,103.24,Tuesday,10,0,Fall,104.8
2023-10-04,130.61,Wednesday,10,0,Fall,114.5
2023-10-05,116.37,Thursday,10,0,Fall,100.8
2023-10-06,112.18,Friday,10,0,Fall,93.6
2023-10-07,162.98,Saturday,10,1,Fall,95.2
2023-10-08,139.86,Sunday,10,1,Fall,101.3
2023-10-09,131.98,Monday,10,0,Fall,104.3
2023-10-10,136.22,Tuesday,10,0,Fall,108.7
2023-10-11,139.34,Wednesday,10,0,Fall,118.2
2023-10-12,144.42,Thursday,10,0,Fall,117.1
2023-10-13,97.0,Friday,10,0,Fall,82.4
2023-10-14,136.66,Saturday,10,1,Fall,84.1
2023-10-15,146.41,Sunday,10,1,Fall,99.4
2023-10-16,100.91,Monday,10,0,Fall,92.3
2023-10-17,115.42,Tuesday,10,0,Fall,112.1
2023-10-18,129.26,Wednesday,10,0,Fall,104.4
2023-10-19,124.34,Thursday,10,0,Fall,108.6
2023-10-20,85.98,Friday,10,0,Fall,84.9
2023-10-21,126.41,Saturday,10,1,Fall,87.2
2023-10-22,163.08,Sunday,10,1,Fall,101.0
2023-10-23,131.64,Monday,10,0,Fall,108.4
2023-10-24,98.94,Tuesday,10,0,Fall,90.3
2023-10-25,156.19,Wednesday,10,0,Fall,118.5
2023-10-26,121.66,Thursday,10,0,Fall,102.0
2023-10-27,102.8,Friday,10,0,Fall,81.7
2023-10-28,163.73,Saturday,10,1,Fall,104.1
2023-10-29,173.08,Sunday,10,1,Fall,112.8
2023-10-30,110.19,Monday,10,0,Fall,88.5
2023-10-31,136.82,Tuesday,10,0,Fall,104.4
2023-11-01,136.19,Wednesday,11,0,Fall,116.0
2023-11-02,120.44,Thursday,11,0,Fall,94.1
2023-11-03,102.18,Friday,11,0,Fall,91.0
2023-11-04,194.33,Saturday,11,1,Fall,112.9
2023-11-05,122.48,Sunday,11,1,Fall,83.8
2023-11-06,148.17,Monday,11,0,Fall,105.0
2023-11-07,91.69,Tuesday,11,0,Fall,86.7
2023-11-08,127.83,Wednesday,11,0,Fall,109.5
2023-11-09,105.13,Thursday,11,0,Fall,83.8
2023-11-10,109.38,Friday,11,0,Fall,80.9
2023-11-11,175.15,Saturday,11,1,Fall,101.9
2023-11-12,153.87,Sunday,11,1,Fall,89.3
2023-11-13,102.99,Monday,11,0,Fall,99.9
2023-11-14,147.56,Tuesday,11,0,Fall,119.5
2023-11-15,107.68,Wednesday,11,0,Fall,96.2
2023-11-16,126.32,Thursday,11,0,Fall,97.1
2023-11-17,154.62,Friday,11,0,Fall,119.7
2023-11-18,135.84,Saturday,11,1,Fall,85.1
2023-11-19,155.55,Sunday,11,1,Fall,103.1
2023-11-20,98.15,Monday,11,0,Fall,91.0
2023-11-21,105.93,Tuesday,11,0,Fall,94.2
2023-11-22,91.74,Wednesday,11,0,Fall,82.8
2023-11-23,134.75,Thursday,11,0,Fall,112.0
2023-11-24,117.53,Friday,11,0,Fall,89.3
2023-11-25,166.5,Saturday,11,1,Fall,106.0
2023-11-26,146.33,Sunday,11,1,Fall,101.3
2023-11-27,115.8,Monday,11,0,Fall,106.8
2023-11-28,150.67,Tuesday,11,0,Fall,119.8
2023-11-29,150.54,Wednesday,11,0,Fall,109.2
2023-11-30,119.29,Thursday,11,0,Fall,98.6
2023-12-01,158.82,Friday,12,0,Winter,118.3
2023-12-02,148.46,Saturday,12,1,Winter,87.0
2023-12-03,190.9,Sunday,12,1,Winter,101.4
2023-12-04,133.25,Monday,12,0,Winter,83.9
2023-12-05,128.4,Tuesday,12,0,Winter,93.9
2023-12-06,143.9,Wednesday,12,0,Winter,106.6
2023-12-07,106.46,Thursday,12,0,Winter,86.1
2023-12-08,168.31,Friday,12,0,Winter,119.7
2023-12-09,214.7,Saturday,12,1,Winter,113.7
2023-12-10,176.03,Sunday,12,1,Winter,100.8
2023-12-11,156.55,Monday,12,0,Winter,110.2
2023-12-12,124.19,Tuesday,12,0,Winter,85.1
2023-12-13,157.51,Wednesday,12,0,Winter,108.3
2023-12-14,103.32,Thursday,12,0,Winter,81.4
2023-12-15,123.27,Friday,12,0,Winter,94.4
2023-12-16,152.85,Saturday,12,1,Winter,83.5
2023-12-17,174.92,Sunday,12,1,Winter,92.2
2023-12-18,155.79,Monday,12,0,Winter,95.9
2023-12-19,129.56,Tuesday,12,0,Winter,100.6
2023-12-20,166.0,Wednesday,12,0,Winter,116.8
2023-12-21,159.66,Thursday,12,0,Winter,114.1
2023-12-22,119.29,Friday,12,0,Winter,88.3
2023-12-23,221.18,Saturday,12,1,Winter,115.1
2023-12-24,214.48,Sunday,12,1,Winter,114.7
2023-12-25,199.59,Monday,12,0,Winter,92.2
2023-12-26,104.65,Tuesday,12,0,Winter,83.2
2023-12-27,147.39,Wednesday,12,0,Winter,107.8
2023-12-28,131.89,Thursday,12,0,Winter,93.8
2023-12-29,159.76,Friday,12,0,Winter,112.9
2023-12-30,179.9,Saturday,12,1,Winter,85.3
2023-12-31,198.28,Sunday,12,1,Winter,110.6
2024-01-01,96.53,Monday,1,0,Winter,87.0
2024-01-02,120.84,Tuesday,1,0,Winter,85.9
2024-01-03,137.66,Wednesday,1,0,Winter,94.7
2024-01-04,136.76,Thursday,1,0,Winter,97.3
2024-01-05,100.58,Friday,1,0,Winter,92.5
2024-01-06,156.23,Saturday,1,1,Winter,84.2
2024-01-07,197.65,Sunday,1,1,Winter,105.6
2024-01-08,135.59,Monday,1,0,Winter,106.0
2024-01-09,113.63,Tuesday,1,0,Winter,86.1
2024-01-10,167.09,Wednesday,1,0,Winter,119.8
2024-01-11,109.6,Thursday,1,0,Winter,82.3
2024-01-12,114.69,Friday,1,0,Winter,84.9
2024-01-13,170.7,Saturday,1,1,Winter,92.1
2024-01-14,143.86,Sunday,1,1,Winter,82.5
2024-01-15,125.18,Monday,1,0,Winter,100.4
2024-01-16,156.06,Tuesday,1,0,Winter,105.0
2024-01-17,131.07,Wednesday,1,0,Winter,101.1
2024-01-18,159.56,Thursday,1,0,Winter,115.5
2024-01-19,132.12,Friday,1,0,Winter,98.0
2024-01-20,164.04,Saturday,1,1,Winter,96.6
2024-01-21,214.63,Sunday,1,1,Winter,113.1
2024-01-22,120.24,Monday,1,0,Winter,80.4
2024-01-23,131.39,Tuesday,1,0,Winter,96.6
2024-01-24,126.4,Wednesday,1,0,Winter,90.4
2024-01-25,155.66,Thursday,1,0,Winter,110.4
2024-01-26,112.86,Friday,1,0,Winter,88.6
2024-01-27,136.54,Saturday,1,1,Winter,80.5
2024-01-28,185.18,Sunday,1,1,Winter,101.9
2024-01-29,125.51,Monday,1,0,Winter,98.2
2024-01-30,129.78,Tuesday,1,0,Winter,93.0
2024-01-31,130.27,Wednesday,1,0,Winter,109.5
2024-02-01,129.64,Thursday,2,0,Winter,95.8
2024-02-02,140.58,Friday,2,0,Winter,98.4
2024-02-03,217.22,Saturday,2,1,Winter,118.2
2024-02-04,214.31,Sunday,2,1,Winter,111.5
2024-02-05,125.3,Monday,2,0,Winter,97.5
2024-02-06,125.38,Tuesday,2,0,Winter,90.2
2024-02-07,156.9,Wednesday,2,0,Winter,105.5
2024-02-08,151.69,Thursday,2,0,Winter,106.4
2024-02-09,154.38,Friday,2,0,Winter,104.6
2024-02-10,138.54,Saturday,2,1,Winter,82.7
2024-02-11,199.91,Sunday,2,1,Winter,109.5
2024-02-12,138.39,Monday,2,0,Winter,100.5
2024-02-13,117.65,Tuesday,2,0,Winter,83.4
2024-02-14,144.09,Wednesday,2,0,Winter,108.7
2024-02-15,141.59,Thursday,2,0,Winter,91.9
2024-02-16,138.39,Friday,2,0,Winter,94.0
2024-02-17,170.66,Saturday,2,1,Winter,87.4
2024-02-18,161.1,Sunday,2,1,Winter,87.0
2024-02-19,147.73,Monday,2,0,Winter,110.6
2024-02-20,132.91,Tuesday,2,0,Winter,90.6
2024-02-21,146.5,Wednesday,2,0,Winter,95.3
2024-02-22,126.33,Thursday,2,0,Winter,88.2
2024-02-23,146.12,Friday,2,0,Winter,111.0
2024-02-24,186.64,Saturday,2,1,Winter,105.8
2024-02-25,216.49,Sunday,2,1,Winter,118.7
2024-02-26,171.28,Monday,2,0,Winter,111.9
2024-02-27,171.88,Tuesday,2,0,Winter,109.9
2024-02-28,148.92,Wednesday,2,0,Winter,112.5
2024-02-29,134.54,Thursday,2,0,Winter,93.5
2024-03-01,134.6,Friday,3,0,Spring,117.1
2024-03-02,138.95,Saturday,3,1,Spring,97.3
2024-03-03,158.01,Sunday,3,1,Spring,97.6
2024-03-04,109.03,Monday,3,0,Spring,89.6
2024-03-05,103.94,Tuesday,3,0,Spring,84.9
2024-03-06,125.35,Wednesday,3,0,Spring,105.8
2024-03-07,112.76,Thursday,3,0,Spring,91.4
2024-03-08,139.29,Friday,3,0,Spring,113.9
2024-03-09,190.52,Saturday,3,1,Spring,116.8
2024-03-10,145.4,Sunday,3,1,Spring,98.4
2024-03-11,145.3,Monday,3,0,Spring,113.7
2024-03-12,134.84,Tuesday,3,0,Spring,106.2
2024-03-13,107.78,Wednesday,3,0,Spring,87.1
2024-03-14,141.3,Thursday,3,0,Spring,117.5
2024-03-15,97.13,Friday,3,0,Spring,81.7
2024-03-16,169.24,Saturday,3,1,Spring,109.0
2024-03-17,176.13,Sunday,3,1,Spring,112.7
2024-03-18,121.43,Monday,3,0,Spring,113.6
2024-03-19,154.18,Tuesday,3,0,Spring,109.3
2024-03-20,131.16,Wednesday,3,0,Spring,100.3
2024-03-21,128.4,Thursday,3,0,Spring,91.9
2024-03-22,144.15,Friday,3,0,Spring,114.9
2024-03-23,158.28,Saturday,3,1,Spring,105.5
2024-03-24,158.38,Sunday,3,1,Spring,98.5
2024-03-25,104.73,Monday,3,0,Spring,80.4
2024-03-26,134.34,Tuesday,3,0,Spring,119.7
2024-03-27,113.64,Wednesday,3,0,Spring,84.0
2024-03-28,101.57,Thursday,3,0,Spring,88.2
2024-03-29,129.84,Friday,3,0,Spring,102.2
2024-03-30,151.0,Saturday,3,1,Spring,87.5
2024-03-31,149.76,Sunday,3,1,Spring,94.2
2024-04-01,110.8,Monday,4,0,Spring,80.2
2024-04-02,118.03,Tuesday,4,0,Spring,110.4
2024-04-03,92.08,Wednesday,4,0,Spring,86.0
2024-04-04,102.5,Thursday,4,0,Spring,92.2
2024-04-05,109.72,Friday,4,0,Spring,108.9
2024-04-06,163.11,Saturday,4,1,Spring,115.4
2024-04-07,165.12,Sunday,4,1,Spring,96.5
2024-04-08,141.06,Monday,4,0,Spring,107.8
2024-04-09,94.73,Tuesday,4,0,Spring,83.7
2024-04-10,146.38,Wednesday,4,0,Spring,103.5
2024-04-11,96.15,Thursday,4,0,Spring,82.6
2024-04-12,142.45,Friday,4,0,Spring,103.2
2024-04-13,181.32,Saturday,4,1,Spring,104.1
2024-04-14,160.76,Sunday,4,1,Spring,107.1
2024-04-15,143.88,Monday,4,0,Spring,113.0
2024-04-16,131.08,Tuesday,4,0,Spring,99.9
2024-04-17,123.48,Wednesday,4,0,Spring,108.3
2024-04-18,106.12,Thursday,4,0,Spring,111.5
2024-04-19,111.09,Friday,4,0,Spring,85.9
2024-04-20,136.85,Saturday,4,1,Spring,93.1
2024-04-21,137.21,Sunday,4,1,Spring,88.8
2024-04-22,126.61,Monday,4,0,Spring,103.9
2024-04-23,121.99,Tuesday,4,0,Spring,96.8
2024-04-24,123.04,Wednesday,4,0,Spring,105.4
2024-04-25,118.29,Thursday,4,0,Spring,96.4
2024-04-26,148.3,Friday,4,0,Spring,113.6
2024-04-27,142.1,Saturday,4,1,Spring,103.5
2024-04-28,122.2,Sunday,4,1,Spring,87.4
2024-04-29,85.51,Monday,4,0,Spring,81.0
2024-04-30,91.88,Tuesday,4,0,Spring,81.0
2024-05-01,128.58,Wednesday,5,0,Spring,100.7
2024-05-02,120.67,Thursday,5,0,Spring,91.9
2024-05-03,134.46,Friday,5,0,Spring,113.7
2024-05-04,134.49,Saturday,5,1,Spring,87.4
2024-05-05,168.84,Sunday,5,1,Spring,99.3
2024-05-06,104.46,Monday,5,0,Spring,85.3
2024-05-07,116.05,Tuesday,5,0,Spring,99.9
2024-05-08,125.97,Wednesday,5,0,Spring,97.5
2024-05-09,111.41,Thursday,5,0,Spring,86.4
2024-05-10,129.24,Friday,5,0,Spring,104.4
2024-05-11,160.06,Saturday,5,1,Spring,106.3
2024-05-12,174.73,Sunday,5,1,Spring,118.3
2024-05-13,98.93,Monday,5,0,Spring,89.9
2024-05-14,131.1,Tuesday,5,0,Spring,116.3
2024-05-15,123.22,Wednesday,5,0,Spring,110.4
2024-05-16,112.33,Thursday,5,0,Spring,98.0
2024-05-17,98.87,Friday,5,0,Spring,82.5
2024-05-18,182.38,Saturday,5,1,Spring,116.3
2024-05-19,139.14,Sunday,5,1,Spring,96.4
2024-05-20,115.14,Monday,5,0,Spring,93.9
2024-05-21,123.76,Tuesday,5,0,Spring,102.4
2024-05-22,139.87,Wednesday,5,0,Spring,117.5
2024-05-23,102.45,Thursday,5,0,Spring,90.4
2024-05-24,119.98,Friday,5,0,Spring,109.2
2024-05-25,165.75,Saturday,5,1,Spring,102.6
2024-05-26,154.55,Sunday,5,1,Spring,98.6
2024-05-27,116.26,Monday,5,0,Spring,94.0
2024-05-28,97.21,Tuesday,5,0,Spring,84.6
2024-05-29,102.63,Wednesday,5,0,Spring,90.0
2024-05-30,147.0,Thursday,5,0,Spring,114.0
2024-05-31,128.14,Friday,5,0,Spring,84.6
2024-06-01,235.01,Saturday,6,1,Summer,114.4
2024-06-02,226.82,Sunday,6,1,Summer,108.3
2024-06-03,161.96,Monday,6,0,Summer,101.7
2024-06-04,150.73,Tuesday,6,0,Summer,99.4
2024-06-05,134.13,Wednesday,6,0,Summer,86.6
2024-06-06,174.45,Thursday,6,0,Summer,96.5
2024-06-07,162.55,Friday,6,0,Summer,106.0
2024-06-08,209.78,Saturday,6,1,Summer,100.5
2024-06-09,227.02,Sunday,6,1,Summer,112.3
2024-06-10,177.73,Monday,6,0,Summer,111.5
2024-06-11,133.8,Tuesday,6,0,Summer,88.1
2024-06-12,144.03,Wednesday,6,0,Summer,93.2
2024-06-13,161.97,Thursday,6,0,Summer,110.3
2024-06-14,185.13,Friday,6,0,Summer,115.1
2024-06-15,235.98,Saturday,6,1,Summer,115.2
2024-06-16,209.06,Sunday,6,1,Summer,98.0
2024-06-17,190.43,Monday,6,0,Summer,119.4
2024-06-18,178.83,Tuesday,6,0,Summer,116.4
2024-06-19,152.74,Wednesday,6,0,Summer,101.5
2024-06-20,169.98,Thursday,6,0,Summer,106.3
2024-06-21,193.71,Friday,6,0,Summer,112.9
2024-06-22,240.96,Saturday,6,1,Summer,118.6
2024-06-23,165.05,Sunday,6,1,Summer,88.2
2024-06-24,180.75,Monday,6,0,Summer,111.7
2024-06-25,176.85,Tuesday,6,0,Summer,103.1
2024-06-26,158.71,Wednesday,6,0,Summer,95.8
2024-06-27,174.37,Thursday,6,0,Summer,116.6
2024-06-28,173.71,Friday,6,0,Summer,107.8
2024-06-29,240.74,Saturday,6,1,Summer,111.7
2024-06-30,237.51,Sunday,6,1,Summer,116.2
2024-07-01,140.26,Monday,7,0,Summer,91.1
2024-07-02,180.06,Tuesday,7,0,Summer,115.8
2024-07-03,167.88,Wednesday,7,0,Summer,106.2
2024-07-04,155.75,Thursday,7,0,Summer,104.6
2024-07-05,135.26,Friday,7,0,Summer,83.3
2024-07-06,210.85,Saturday,7,1,Summer,100.2
2024-07-07,249.52,Sunday,7,1,Summer,118.7
2024-07-08,170.3,Monday,7,0,Summer,106.7
2024-07-09,156.73,Tuesday,7,0,Summer,105.4
2024-07-10,126.25,Wednesday,7,0,Summer,80.5
2024-07-11,181.75,Thursday,7,0,Summer,102.4
2024-07-12,187.22,Friday,7,0,Summer,115.6
2024-07-13,164.95,Saturday,7,1,Summer,83.2
2024-07-14,243.76,Sunday,7,1,Summer,114.3
2024-07-15,198.5,Monday,7,0,Summer,112.8
2024-07-16,151.63,Tuesday,7,0,Summer,92.6
2024-07-17,156.5,Wednesday,7,0,Summer,98.8
2024-07-18,163.96,Thursday,7,0,Summer,94.3
2024-07-19,154.65,Friday,7,0,Summer,99.8
2024-07-20,190.78,Saturday,7,1,Summer,87.0
2024-07-21,219.99,Sunday,7,1,Summer,108.5
2024-07-22,146.16,Monday,7,0,Summer,93.9
2024-07-23,164.46,Tuesday,7,0,Summer,98.0
2024-07-24,180.31,Wednesday,7,0,Summer,104.8
2024-07-25,149.52,Thursday,7,0,Summer,94.1
2024-07-26,202.91,Friday,7,0,Summer,119.2
2024-07-27,222.88,Saturday,7,1,Summer,105.4
2024-07-28,185.55,Sunday,7,1,Summer,93.0
2024-07-29,167.9,Monday,7,0,Summer,107.5
2024-07-30,186.81,Tuesday,7,0,Summer,113.5
2024-07-31,159.63,Wednesday,7,0,Summer,91.2
2024-08-01,170.94,Thursday,8,0,Summer,100.5
2024-08-02,157.83,Friday,8,0,Summer,92.2
2024-08-03,231.3,Saturday,8,1,Summer,117.5
2024-08-04,246.12,Sunday,8,1,Summer,114.8
2024-08-05,177.23,Monday,8,0,Summer,106.6
2024-08-06,147.39,Tuesday,8,0,Summer,90.4
2024-08-07,170.37,Wednesday,8,0,Summer,102.4
2024-08-08,118.05,Thursday,8,0,Summer,84.4
2024-08-09,160.56,Friday,8,0,Summer,114.6
2024-08-10,214.41,Saturday,8,1,Summer,101.9
2024-08-11,174.98,Sunday,8,1,Summer,84.4
2024-08-12,152.82,Monday,8,0,Summer,96.9
2024-08-13,187.15,Tuesday,8,0,Summer,114.3
2024-08-14,148.66,Wednesday,8,0,Summer,91.7
2024-08-15,182.68,Thursday,8,0,Summer,112.2
2024-08-16,138.04,Friday,8,0,Summer,80.7
2024-08-17,184.56,Saturday,8,1,Summer,91.3
2024-08-18,242.41,Sunday,8,1,Summer,114.9
2024-08-19,156.15,Monday,8,0,Summer,101.6
2024-08-20,115.33,Tuesday,8,0,Summer,83.9
2024-08-21,163.33,Wednesday,8,0,Summer,103.9
2024-08-22,157.52,Thursday,8,0,Summer,91.9
2024-08-23,122.44,Friday,8,0,Summer,81.9
2024-08-24,245.8,Saturday,8,1,Summer,116.1
2024-08-25,224.75,Sunday,8,1,Summer,103.7
2024-08-26,192.45,Monday,8,0,Summer,115.7
2024-08-27,123.73,Tuesday,8,0,Summer,81.4
2024-08-28,157.96,Wednesday,8,0,Summer,103.3
2024-08-29,181.57,Thursday,8,0,Summer,113.3
2024-08-30,168.99,Friday,8,0,Summer,104.0
2024-08-31,241.82,Saturday,8,1,Summer,113.2
2024-09-01,186.18,Sunday,9,1,Fall,115.2
2024-09-02,143.54,Monday,9,0,Fall,97.2
2024-09-03,125.95,Tuesday,9,0,Fall,92.7
2024-09-04,121.37,Wednesday,9,0,Fall,104.1
2024-09-05,159.89,Thursday,9,0,Fall,115.7
2024-09-06,115.17,Friday,9,0,Fall,105.3
2024-09-07,151.58,Saturday,9,1,Fall,103.7
2024-09-08,164.6,Sunday,9,1,Fall,100.5
2024-09-09,98.44,Monday,9,0,Fall,84.2
2024-09-10,103.28,Tuesday,9,0,Fall,106.1
2024-09-11,156.42,Wednesday,9,0,Fall,118.0
2024-09-12,126.41,Thursday,9,0,Fall,100.3
2024-09-13,125.38,Friday,9,0,Fall,105.4
2024-09-14,145.54,Saturday,9,1,Fall,94.5
2024-09-15,152.08,Sunday,9,1,Fall,98.9
2024-09-16,84.73,Monday,9,0,Fall,87.8
2024-09-17,116.37,Tuesday,9,0,Fall,104.4
2024-09-18,114.1,Wednesday,9,0,Fall,100.7
2024-09-19,107.11,Thursday,9,0,Fall,80.2
2024-09-20,117.68,Friday,9,0,Fall,102.9
2024-09-21,160.56,Saturday,9,1,Fall,100.5
2024-09-22,147.77,Sunday,9,1,Fall,95.9
2024-09-23,91.32,Monday,9,0,Fall,83.5
2024-09-24,115.26,Tuesday,9,0,Fall,93.8
2024-09-25,120.17,Wednesday,9,0,Fall,100.3
2024-09-26,140.47,Thursday,9,0,Fall,108.1
2024-09-27,139.66,Friday,9,0,Fall,119.7
2024-09-28,142.89,Saturday,9,1,Fall,95.8
2024-09-29,159.44,Sunday,9,1,Fall,96.9
2024-09-30,128.46,Monday,9,0,Fall,108.6
2024-10-01,134.39,Tuesday,10,0,Fall,104.3
2024-10-02,136.42,Wednesday,10,0,Fall,118.2
2024-10-03,136.87,Thursday,10,0,Fall,112.8
2024-10-04,122.81,Friday,10,0,Fall,107.5
2024-10-05,123.62,Saturday,10,1,Fall,84.6
2024-10-06,125.74,Sunday,10,1,Fall,94.8
2024-10-07,117.02,Monday,10,0,Fall,84.8
2024-10-08,94.5,Tuesday,10,0,Fall,82.8
2024-10-09,104.97,Wednesday,10,0,Fall,83.2
2024-10-10,126.41,Thursday,10,0,Fall,106.7
2024-10-11,140.34,Friday,10,0,Fall,107.1
2024-10-12,108.09,Saturday,10,1,Fall,80.4
2024-10-13,166.56,Sunday,10,1,Fall,105.4
2024-10-14,145.53,Monday,10,0,Fall,114.9
2024-10-15,131.33,Tuesday,10,0,Fall,109.0
2024-10-16,95.37,Wednesday,10,0,Fall,85.7
2024-10-17,79.59,Thursday,10,0,Fall,80.5
2024-10-18,112.87,Friday,10,0,Fall,99.4
2024-10-19,141.22,Saturday,10,1,Fall,103.1
2024-10-20,177.63,Sunday,10,1,Fall,109.2
2024-10-21,132.02,Monday,10,0,Fall,106.1
2024-10-22,125.09,Tuesday,10,0,Fall,97.2
2024-10-23,118.86,Wednesday,10,0,Fall,106.9
2024-10-24,122.93,Thursday,10,0,Fall,111.6
2024-10-25,122.71,Friday,10,0,Fall,97.9
2024-10-26,183.2,Saturday,10,1,Fall,114.3
2024-10-27,163.8,Sunday,10,1,Fall,116.7
2024-10-28,117.01,Monday,10,0,Fall,103.3
2024-10-29,129.67,Tuesday,10,0,Fall,94.8
2024-10-30,136.84,Wednesday,10,0,Fall,107.5
2024-10-31,111.45,Thursday,10,0,Fall,95.0
2024-11-01,90.7,Friday,11,0,Fall,85.7
2024-11-02,170.7,Saturday,11,1,Fall,115.6
2024-11-03,122.09,Sunday,11,1,Fall,81.0
2024-11-04,112.87,Monday,11,0,Fall,105.8
2024-11-05,111.58,Tuesday,11,0,Fall,82.9
2024-11-06,126.77,Wednesday,11,0,Fall,96.4
2024-11-07,113.24,Thursday,11,0,Fall,104.2
2024-11-08,132.41,Friday,11,0,Fall,94.6
2024-11-09,128.95,Saturday,11,1,Fall,85.6
2024-11-10,155.16,Sunday,11,1,Fall,99.4
2024-11-11,137.52,Monday,11,0,Fall,118.6
2024-11-12,103.46,Tuesday,11,0,Fall,95.4
2024-11-13,93.5,Wednesday,11,0,Fall,80.9
2024-11-14,114.26,Thursday,11,0,Fall,110.2
2024-11-15,135.65,Friday,11,0,Fall,116.0
2024-11-16,131.11,Saturday,11,1,Fall,84.6
2024-11-17,182.53,Sunday,11,1,Fall,115.5
2024-11-18,109.54,Monday,11,0,Fall,104.1
2024-11-19,97.48,Tuesday,11,0,Fall,93.6
2024-11-20,123.82,Wednesday,11,0,Fall,101.7
2024-11-21,110.2,Thursday,11,0,Fall,101.7
2024-11-22,130.38,Friday,11,0,Fall,110.5
2024-11-23,155.94,Saturday,11,1,Fall,92.1
2024-11-24,128.37,Sunday,11,1,Fall,90.4
2024-11-25,133.74,Monday,11,0,Fall,118.7
2024-11-26,132.38,Tuesday,11,0,Fall,102.3
2024-11-27,84.43,Wednesday,11,0,Fall,85.6
2024-11-28,115.26,Thursday,11,0,Fall,97.8
2024-11-29,138.63,Friday,11,0,Fall,96.1
2024-11-30,189.73,Saturday,11,1,Fall,119.8
2024-12-01,196.05,Sunday,12,1,Winter,102.8
2024-12-02,142.28,Monday,12,0,Winter,104.8
2024-12-03,101.45,Tuesday,12,0,Winter,81.6
2024-12-04,123.39,Wednesday,12,0,Winter,99.0
2024-12-05,168.39,Thursday,12,0,Winter,118.6
2024-12-06,165.59,Friday,12,0,Winter,116.4
2024-12-07,226.62,Saturday,12,1,Winter,114.8
2024-12-08,151.49,Sunday,12,1,Winter,85.2
2024-12-09,159.28,Monday,12,0,Winter,111.8
2024-12-10,126.2,Tuesday,12,0,Winter,91.0
2024-12-11,155.21,Wednesday,12,0,Winter,119.2
2024-12-12,141.62,Thursday,12,0,Winter,99.3
2024-12-13,143.48,Friday,12,0,Winter,95.0
2024-12-14,172.8,Saturday,12,1,Winter,91.4
2024-12-15,166.49,Sunday,12,1,Winter,95.5
2024-12-16,167.79,Monday,12,0,Winter,100.5
2024-12-17,157.78,Tuesday,12,0,Winter,114.6
2024-12-18,178.86,Wednesday,12,0,Winter,119.2
2024-12-19,151.44,Thursday,12,0,Winter,110.6
2024-12-20,155.78,Friday,12,0,Winter,102.9
2024-12-21,208.57,Saturday,12,1,Winter,115.7
2024-12-22,148.79,Sunday,12,1,Winter,82.5
2024-12-23,150.62,Monday,12,0,Winter,100.4
2024-12-24,166.66,Tuesday,12,0,Winter,105.1
2024-12-25,226.29,Wednesday,12,0,Winter,108.9
2024-12-26,146.68,Thursday,12,0,Winter,107.7
2024-12-27,124.62,Friday,12,0,Winter,94.3
2024-12-28,195.22,Saturday,12,1,Winter,112.2
2024-12-29,208.46,Sunday,12,1,Winter,118.3
2024-12-30,107.14,Monday,12,0,Winter,80.4
2024-12-31,121.37,Tuesday,12,0,Winter,80.6
